<wpml-config>
    <admin-texts>
        <key name="theme_mods_woovina">
            <key name="woovina_footer_copyright_text" />
            <key name="woovina_top_bar_content" />
            <key name="woovina_after_header_content" />
            <key name="woovina_mobile_menu_text" />
            <key name="woovina_mobile_menu_close_text" />
            <key name="woovina_mobile_menu_close_btn_text" />
            <key name="woovina_woo_menu_icon_custom_link" />
            <key name="woovina_blog_infinite_scroll_last_text" />
            <key name="woovina_blog_infinite_scroll_error_text" />
            <key name="woovina_woo_off_canvas_filter_text" />
            <key name="woovina_woo_infinite_scroll_last_text" />
            <key name="woovina_woo_infinite_scroll_error_text" />
            <key name="wss_social_share_heading" />
            <key name="wsf_text" />
            <key name="wvn_popup_title_text" />
            <key name="wvn_popup_content" />
            <key name="wvn_popup_continue_btn_text" />
            <key name="wvn_popup_cart_btn_text" />
            <key name="wvn_popup_bottom_text" />
            <key name="woovina_top_bar_template" />
            <key name="woovina_top_bar_social_alt_template" />
            <key name="woovina_vertical_header_template" />
            <key name="woovina_vertical_header_bottom_template" />
            <key name="woovina_header_template" />
            <key name="woovina_menu_social_template" />
            <key name="woovina_footer_widgets_template" />
            <key name="woovina_error_page_template" />
        </key>
    </admin-texts>   
</wpml-config>